<?xml version="1.0"?>
<!DOCTYPE module PUBLIC
        "-//Puppy Crawl//DTD Check Configuration 1.3//EN"
        "https://checkstyle.org/dtds/configuration_1_3.dtd">
<module name="Checker">
    <module name="TreeWalker">
        <module name="JavadocMethod"/>
        <module name="JavadocType"/>
        <module name="JavadocVariable"/>
        <module name="JavadocStyle"/>

        <!-- Naming Conventions -->
        <module name="TypeName">
            <property name="format" value="^[A-Z][a-zA-Z0-9]*$"/>
            <property name="allowInterfaceName" value="false"/>
            <property name="allowAbstractClassName" value="false"/>
            <property name="allowEnumName" value="false"/>
            <property name="allowAnnotationName" value="false"/>
        </module>
        <module name="MethodName">
            <property name="format" value="^[a-z][a-zA-Z0-9]*$"/>
        </module>
        <module name="ParameterName">
            <property name="format" value="^[a-z][a-zA-Z0-9]*$"/>
        </module>
        <module name="VariableName">
            <property name="format" value="^[a-z][a-zA-Z0-9]*$"/>
        </module>
        <module name="ConstantName">
            <property name="format" value="^[A-Z][A-Z0-9]*(_[A-Z0-9]+)*$"/>
        </module>

        <!-- Abstraction Level -->
        <module name="ClassDataAbstractionCoupling">
            <property name="max" value="5"/>
        </module>

        <!-- Class Complexity -->
        <module name="ClassFanOutComplexity">
            <property name="max" value="10"/>
        </module>

        <!-- Method Count -->
        <module name="MethodCount">
            <property name="max" value="50"/>
        </module>

        <module name="NestedIfDepth">
            <property name="max" value="3"/>
        </module>

        <module name="EmptyStatement"/>
        <module name="NeedBraces"/>
        <module name="EmptyBlock"/>
        <module name="AvoidInlineConditionals"/>

        <module name="BooleanExpressionComplexity">
            <property name="max" value="7"/>
        </module>

        <module name="SimplifyBooleanExpression"/>
        <module name="SimplifyBooleanReturn"/>
        <module name="DefaultComesLast"/>

        <module name="MissingSwitchDefault"/>
        <module name="FallThrough"/>


    </module>
</module>